{
	"ca85137":
	{


		"database":
		{
			"url": "jdbc:oracle:thin:@oraasswd02-scan.nam.nsroot.net:8888:ICGAS3D",
			"userName": "aspen_2",
			"password": "ENC(Y6c8/MzYQln+NO1OBeHT1w==)",
			"driver": "oracle.jdbc.driver.OracleDriver"
		}
	},

	"ap72338":
	{


		"database":
		{
			"url": "jdbc:h2:~/AssetServicing/db/IncomeProcessing;MVCC=TRUE;AUTO_SERVER=TRUE;IFEXISTS=TRUE",
			"userName": "sa",
			"password": "",
			"driver": "org.h2.Driver"
		}
	},

	"jc71491": 
	{
		"database": 
		{
			"url": "jdbc:oracle:thin:@sd-bf38-31f3.nam.nsroot.net:1533:aspdev11",
			"userName": "aspdev11",
			"password": "ENC(C7rux0SH5atD77FGrEGS/w==)",
			"driver": "oracle.jdbc.driver.OracleDriver"
		}
	},

	"hl77319": 
	{
		"database": 
		{
			"url": "jdbc:oracle:thin:@sd-bf38-31f3.nam.nsroot.net:1534:aspdev12",
			"userName": "aspdev12",
			"password": "ENC(SdIgzIAzkc4x2MmNMPlhrA==)",
			"driver": "oracle.jdbc.driver.OracleDriver"
		}
	},

	"xs41160": 
	{
		"database": 
		{
			"url": "jdbc:oracle:thin:@sd-bf38-31f3.nam.nsroot.net:1535:aspdev13",
			"userName": "aspdev13",
			"password": "ENC(jYyMI9kwk0qmkCI3pO8EJA==)",
			"driver": "oracle.jdbc.driver.OracleDriver"
		}
	},

	"wf73360": 
	{
		"database": 
		{
			"url": "jdbc:oracle:thin:@sd-bf38-31f3.nam.nsroot.net:1536:aspdev14",
			"userName": "aspdev14",
			"password": "ENC(4YifsUNGVmBonkR315wT2A==)",
			"driver": "oracle.jdbc.driver.OracleDriver"
		}
	},

	"by91136": 
	{
		"database": 
		{
			"url": "jdbc:oracle:thin:@sd-bf38-31f3.nam.nsroot.net:1537:aspdev15",
			"userName": "aspdev15",
			"password": "ENC(tUusFC/4Wy3BswedTvFRNg==)",
			"driver": "oracle.jdbc.driver.OracleDriver"
		}
	},

	"xz11322": 
	{
		"database": 
		{
			"url": "jdbc:oracle:thin:@sd-bf38-31f3.nam.nsroot.net:1538:aspdev16",
			"userName": "aspdev16",
			"password": "ENC(fq+FfnAH9ynfPhFS4zoS/Q==)",
			"driver": "oracle.jdbc.driver.OracleDriver"
		}
	},

	"qg65123": 
	{
		"database": 
		{
			"url": "jdbc:oracle:thin:@sd-bf38-31f3.nam.nsroot.net:1539:aspdev17",
			"userName": "aspdev17",
			"password": "ENC(gD5uPO3D98gdY8ZF5B5WQg==)",
			"driver": "oracle.jdbc.driver.OracleDriver"
		}
	}
}