<?xml version="1.0" encoding="UTF-8"?>
<!DOCTYPE module PUBLIC "-//Google Inc.//DTD Google Web Toolkit 1.7.1//EN" "http://google-web-toolkit.googlecode.com/svn/tags/1.7.1/distro-source/core/src/gwt-module.dtd">
<module>
	<inherits name="com.google.gwt.user.User" />
	<inherits name='com.google.gwt.user.theme.standard.Standard' />
	
	<inherits name="com.citi.icg.as.core.dao.entities.Entities" />
	
    <replace-with class="com.citi.icg.as.common.client.util.PdfPrintHandlerStandard">
	    <when-type-is class="com.citi.icg.as.common.client.util.PdfPrintHandler"/>
  	</replace-with>
	<replace-with class="com.citi.icg.as.common.client.util.PdfPrintHandlerIE">
	    <when-type-is class="com.citi.icg.as.common.client.util.PdfPrintHandler"/>
	    <any>
	      	<when-property-is name="user.agent" value="ie8"/>
	    </any>
  	</replace-with>
  	
    <source path='client'/>
    <source path='enums'/>
    
</module>